Customers,Loan_Portfolio,Deposit_Portfolio,Operating_Expenses,GDP_Growth,Inflation,Interest_Rate,Stock_Index,Consumer_Confidence,Unemployment
8270,442092,86487,30470,2.694065045198095,4.701104027856425,1.2855024263442805,2489.2388614277743,67.75579197132228,9.691059761149722
1860,324486,278071,28017,0.30314463033234096,3.0189849596454805,5.814700060684997,2217.7487048340217,141.5167137974555,6.821359687556041
6390,352950,422592,20352,3.449998686544717,4.315677688678695,1.339279524233675,2078.3016704795573,96.52054331,6.475802076
6191,360914,362282,38365,3.4504827911892173,4.1124732464511355,8.272610354044204,2573.431825355661,56.31882792745162,2.1162730821279254
6734,128623,223895,24446,4.653034024232685,0.8667152648764043,3.886520720139618,2098.3449215902133,109.81874999385286,2.6475976161788486
